+88000,7,20170804153030,+88000,+88000,+88000
+87900,1,20170804151900,+87900,+87900,+87900
 87400,1,20170804150630, 87400, 87400, 87400
+87500,1,20170804145730,+87500,+87500,+87500
+87500,5,20170804145130,+87500,+87500,+87500
+87500,5,20170804145030,+87500,+87500,+87500
+87500,4,20170804145000,+87500,+87500,+87500
+87500,5,20170804144800,+87500,+87500,+87500
+87900,20,20170804144000,+87800,+87900,+87800
+87800,1,20170804143030,+87800,+87800,+87800
+87800,2,20170804142800,+87800,+87800,+87800
+87700,3,20170804142730,+87700,+87700,+87700
+87500,3,20170804142630,+87500,+87500,+87500
+87500,9,20170804142530,+87500,+87500,+87500
+87500,1,20170804140230,+87500,+87500,+87500
+87500,1,20170804135500,+87500,+87500,+87500
+87500,9,20170804135430,+87500,+87500,+87500
+87500,1,20170804134900,+87500,+87500,+87500
+87800,1,20170804131730,+87800,+87800,+87800
+87900,5,20170804131600,+87900,+87900,+87900
+87900,1,20170804131530,+87900,+87900,+87900
+87900,1,20170804123730,+87900,+87900,+87900
 87400,1,20170804122230, 87400, 87400, 87400
+87900,2,20170804112900,+87900,+87900,+87900
 87400,6,20170804112700, 87400, 87400, 87400
 87400,49,20170804110330, 87400, 87400, 87400
-87000,56,20170804103530, 87400, 87400,-87000
+88100,5,20170804102430,+88000,+88100,+88000
 87400,12,20170804101000, 87400, 87400, 87400
 87400,5,20170804094500,+87500,+87500, 87400
+87500,11,20170804093730,+87500,+87500,+87500
+87500,1,20170804091930,+87500,+87500,+87500
+88200,9,20170804090230,+88200,+88200,+88200
+88400,1,20170804090030,+88400,+88400,+88400
-87400,133,20170803153030,-87400,-87400,-87400
-87900,57,20170803151900,-87900,-87900,-87900
-87500,1,20170803151700,-87500,-87500,-87500
-87500,1,20170803151430,-87500,-87500,-87500
-87500,3,20170803151330,-87500,-87500,-87500
-87500,5,20170803150600,-87500,-87500,-87500
-87400,2,20170803150400,-87400,-87400,-87400
-87500,7,20170803150300,-87500,-87500,-87500
-87500,80,20170803145200,-87500,-87500,-87500
-87500,82,20170803145130,-87500,-87500,-87500
-87600,1,20170803144900,-87600,-87600,-87600
-87600,31,20170803144530,-87600,-87600,-87600
-87600,126,20170803143400,-87600,-87600,-87600
-87600,174,20170803143230,-87600,-87600,-87600
-87700,38,20170803141600,-87700,-87700,-87700
-87700,64,20170803140500,-87700,-87700,-87700
-87800,66,20170803135730,-87800,-87800,-87800
-87900,5,20170803135600,-87900,-87900,-87900
-87800,5,20170803135530,-87800,-87800,-87800
-87800,55,20170803134800,-87800,-87800,-87800
-87800,25,20170803134700,-87800,-87800,-87800
-87800,1,20170803134330,-87800,-87800,-87800
-87900,1,20170803133900,-87900,-87900,-87900
-87900,5,20170803132830,-87900,-87900,-87900
-87800,4,20170803132500,-87800,-87800,-87800
-87800,10,20170803132430,-87800,-87800,-87800
-87800,20,20170803132330,-87800,-87800,-87800
-87800,5,20170803131500,-87800,-87800,-87800
-87800,5,20170803131330,-87800,-87800,-87800
-87800,30,20170803131230,-87800,-87800,-87800
-87900,3,20170803130800,-87900,-87900,-87900
-87900,50,20170803130730,-87900,-87900,-87900
-87900,20,20170803130700,-87900,-87900,-87900
-87900,10,20170803130630,-87900,-87900,-87900
-87900,30,20170803130600,-87900,-87900,-87900
-87900,31,20170803130000,-87900,-87900,-87900
-87900,1,20170803125600,-87900,-87900,-87900
-87900,64,20170803125430,-87900,-87900,-87900
-87900,6,20170803125400,-87900,-87900,-87900
-87900,30,20170803125330,-87900,-87900,-87900
-88000,20,20170803124930,-88000,-88000,-88000
-88000,3,20170803124600,-88000,-88000,-88000
-88000,25,20170803124230,-88000,-88000,-88000
-87900,7,20170803124200,-87900,-87900,-87900
-87900,3,20170803124100,-87900,-87900,-87900
-87900,8,20170803124030,-87900,-87900,-87900
-87900,82,20170803124000,-87900,-87900,-87900
-87900,110,20170803123530,-87900,-87900,-87900
-87900,40,20170803123500,-87900,-87900,-87900
-87900,75,20170803123430,-87900,-87900,-87900
-87800,2,20170803123000,-87800,-87800,-87800
-87900,5,20170803122800,-87900,-87900,-87900
-87900,70,20170803122600,-87900,-87900,-87900
-88000,1,20170803122530,-88000,-88000,-88000
-88000,7,20170803115800,-88000,-88000,-88000
-88000,6,20170803115730,-88000,-88000,-88000
-88000,15,20170803115700,-88000,-88000,-88000
-88000,20,20170803115630,-88000,-88000,-88000
-88000,50,20170803115600,-88000,-88000,-88000
-87900,37,20170803115530,-87900,-87900,-87900
-87800,58,20170803115330,-87800,-87800,-87800
-87900,13,20170803115130,-87900,-87900,-87900
-88000,3,20170803113300,-88000,-88000,-88000
-88000,180,20170803112900,-88000,-88000,-88000
-88000,1,20170803112730,-88000,-88000,-88000
-88100,11,20170803112130,-88100,-88100,-88100
-88100,30,20170803112030,-88100,-88100,-88100
-88100,1,20170803111430,-88100,-88100,-88100
-88200,24,20170803111330,-88300,-88300,-88200
-88400,10,20170803110800,-88400,-88400,-88400
-88300,20,20170803110730,-88300,-88300,-88300
-88300,61,20170803110130,-88400,-88400,-88300
-88400,11,20170803105830,-88400,-88400,-88400
-88400,11,20170803105600,-88400,-88400,-88400
-88400,10,20170803105300,-88400,-88400,-88400
-88400,10,20170803105030,-88400,-88400,-88400
-88400,11,20170803105000,-88400,-88400,-88400
-88300,35,20170803104230,-88400,-88400,-88300
-88300,31,20170803095130,-88300,-88300,-88300
-89300,1,20170803093830,-89300,-89300,-89300
-88300,23,20170803093130,-88300,-88300,-88300
-89000,101,20170803092900,-88600,-89000,-88300
-89000,1,20170803092400,-89000,-89000,-89000
-89000,75,20170803092300,-89000,-89000,-89000
-89000,20,20170803092000,-89000,-89000,-89000
-89000,5,20170803091430,-89000,-89000,-89000
-89000,37,20170803091130,-89000,-89000,-89000
-89000,1,20170803091100,-89000,-89000,-89000
+89900,1,20170803090030,+89900,+89900,+89900
+89500,1,20170802153030,+89500,+89500,+89500
+89500,1,20170802151800,+89500,+89500,+89500
+89500,3,20170802151030,+89500,+89500,+89500
+89500,5,20170802150800,+89500,+89500,+89500
+89400,50,20170802150030,+89400,+89400,+89400
+89400,9,20170802145130,+89400,+89400,+89400
+89500,1,20170802144430,+89500,+89500,+89500
+89400,50,20170802143830,+89400,+89400,+89400
+89500,5,20170802143130,+89500,+89500,+89500
+89500,31,20170802142030,+89500,+89500,+89500
+89500,1,20170802141800,+89500,+89500,+89500
+89500,18,20170802140930,+89500,+89500,+89500
+89500,48,20170802134500,+89500,+89500,+89500
+89500,9,20170802133930,+89500,+89500,+89500
+89600,12,20170802133030,+89600,+89600,+89600
+89600,1,20170802131300,+89600,+89600,+89600
+89600,6,20170802130500,+89600,+89600,+89600
+89900,40,20170802124800,+89900,+89900,+89900
+90000,50,20170802122400,+90000,+90000,+90000
+89900,8,20170802122330,+89900,+89900,+89900
+89900,200,20170802122300,+89800,+89900,+89800
+89800,11,20170802120400,+89800,+89800,+89800
+89800,7,20170802120200,+89800,+89800,+89800
+89500,25,20170802114530,+89500,+89500,+89500
+89600,10,20170802114430,+89600,+89600,+89600
+89900,1,20170802113230,+89900,+89900,+89900
+89900,23,20170802113130,+89900,+89900,+89900
+89800,7,20170802112900,+89800,+89800,+89800
+89800,7,20170802112730,+89700,+89800,+89700
+89800,14,20170802111800,+89800,+89800,+89800
+89800,30,20170802111700,+89400,+89800,+89400
+89200,4,20170802110200,+89200,+89200,+89200
+89200,100,20170802110100,+89200,+89200,+89200
 89000,40,20170802105930, 89000, 89000, 89000
 89000,5,20170802105530, 89000, 89000, 89000
 89000,20,20170802105200, 89000, 89000, 89000
 89000,180,20170802105130, 89000,+89200, 89000
-88900,2,20170802104600,-88900,-88900,-88900
 89000,5,20170802102030, 89000, 89000, 89000
 89000,5,20170802100300, 89000, 89000, 89000
 89000,24,20170802095900, 89000, 89000, 89000
 89000,10,20170802095530,-88900, 89000,-88900
-88900,2,20170802095430,-88900,-88900,-88900
 89000,3,20170802095200, 89000, 89000, 89000
 89000,11,20170802095030, 89000, 89000, 89000
-88900,2,20170802094600,-88900,-88900,-88900
-88900,2,20170802094230,-88900,-88900,-88900
 89000,1,20170802094100, 89000, 89000, 89000
 89000,7,20170802093830, 89000, 89000, 89000
 89000,1,20170802093430, 89000, 89000, 89000
-88300,8,20170802092000,-88300,-88300,-88300
-88300,16,20170802091830,-88600,-88600,-88300
+89100,6,20170802091530,+89100,+89100,+89100
+89400,6,20170802091200,+89400,+89400,+89400
+89400,30,20170802091130,+89400,+89400,+89400
+89400,11,20170802090000,+89400,+89400,+89400
+89000,1,20170801153030,+89000,+89000,+89000
+89100,30,20170801151830,+89100,+89100,+89100
+89100,4,20170801150000,+89100,+89100,+89100
+89100,4,20170801145730,+89100,+89100,+89100
+89100,3,20170801145500,+89100,+89100,+89100
+89100,3,20170801145430,+89100,+89100,+89100
+89000,62,20170801145130,+89000,+89000,+89000
+89000,21,20170801145030,+89000,+89000,+89000
+89000,4,20170801145000,+89000,+89000,+89000
+89000,4,20170801144730,+89000,+89000,+89000
+89000,3,20170801144500,+89000,+89000,+89000
+89000,4,20170801144300,+89000,+89000,+89000
+89000,3,20170801144030,+89000,+89000,+89000
+89000,3,20170801143800,+89000,+89000,+89000
+89000,4,20170801143530,+89000,+89000,+89000
+89000,3,20170801143300,+89000,+89000,+89000
+89000,4,20170801143030,+89000,+89000,+89000
+89000,4,20170801142830,+89000,+89000,+89000
+89000,4,20170801142600,+89000,+89000,+89000
 88800,7,20170801142230, 88800, 88800, 88800
 88800,8,20170801140900,+89000,+89000, 88800
+89000,4,20170801140630,+89000,+89000,+89000
+89000,3,20170801140400,+89000,+89000,+89000
+89000,3,20170801140130,+89000,+89000,+89000
+89000,4,20170801135900,+89000,+89000,+89000
+89000,3,20170801135700,+89000,+89000,+89000
+89000,3,20170801135430,+89000,+89000,+89000
+89000,11,20170801135330,+89000,+89000,+89000
+89000,4,20170801135200,+89000,+89000,+89000
+89000,25,20170801135000,+89000,+89000,+89000
 88800,19,20170801133300,+88900,+88900, 88800
+88900,100,20170801132600,+88900,+88900,+88900
 88800,70,20170801132200, 88800, 88800, 88800
 88800,50,20170801132130, 88800, 88800, 88800
 88800,1,20170801132100, 88800, 88800, 88800
 88800,3,20170801132030, 88800, 88800, 88800
 88800,3,20170801131800, 88800, 88800, 88800
 88800,1,20170801131600, 88800, 88800, 88800
 88800,4,20170801131530, 88800, 88800, 88800
 88800,4,20170801131300, 88800, 88800, 88800
 88800,3,20170801131100, 88800, 88800, 88800
 88800,4,20170801130830, 88800, 88800, 88800
 88800,3,20170801130600, 88800, 88800, 88800
 88800,3,20170801130330, 88800, 88800, 88800
 88800,4,20170801130100, 88800, 88800, 88800
 88800,3,20170801125830, 88800, 88800, 88800
 88800,10,20170801125630, 88800, 88800, 88800
 88800,3,20170801125600, 88800, 88800, 88800
 88800,4,20170801125400, 88800, 88800, 88800
 88800,4,20170801125130, 88800, 88800, 88800
 88800,3,20170801124900, 88800, 88800, 88800
 88800,4,20170801124630, 88800, 88800, 88800
 88800,3,20170801124400, 88800, 88800, 88800
 88800,3,20170801124130, 88800, 88800, 88800
 88800,4,20170801123930, 88800, 88800, 88800
 88800,3,20170801123700, 88800, 88800, 88800
 88800,4,20170801123430, 88800, 88800, 88800
 88800,4,20170801123200, 88800, 88800, 88800
 88800,3,20170801122930, 88800, 88800, 88800
 88800,3,20170801122700, 88800, 88800, 88800
 88800,4,20170801122500, 88800, 88800, 88800
 88800,34,20170801122300, 88800, 88800, 88800
-88700,1,20170801121800,-88700,-88700,-88700
-88600,2,20170801115830,-88600,-88600,-88600
 88800,3,20170801115800, 88800, 88800, 88800
 88800,28,20170801115530, 88800, 88800, 88800
-88700,2,20170801113730,-88700,-88700,-88700
-88700,4,20170801113630,-88700,-88700,-88700
-88700,4,20170801113400,-88700,-88700,-88700
-88700,10,20170801113230,-88700,-88700,-88700
-88700,4,20170801113130,-88700,-88700,-88700
-88700,3,20170801112900,-88700,-88700,-88700
-88700,4,20170801112630,-88700,-88700,-88700
-88700,3,20170801112400,-88700,-88700,-88700
-88700,3,20170801112200,-88700,-88700,-88700
-88700,4,20170801111930,-88700,-88700,-88700
-88700,1,20170801111800,-88700,-88700,-88700
-88700,4,20170801111700,-88700,-88700,-88700
-88700,7,20170801111530,-88700,-88700,-88700
-88600,3,20170801111000,-88600,-88600,-88600
-88600,3,20170801110900,-88600,-88600,-88600
-88600,31,20170801110630,-88600,-88600,-88600
-88600,60,20170801110600,-88600,-88600,-88600
 88800,4,20170801110500, 88800, 88800, 88800
 88800,3,20170801110230, 88800, 88800, 88800
 88800,3,20170801110000, 88800, 88800, 88800
 88800,2,20170801105230, 88800, 88800, 88800
 88800,20,20170801105030, 88800, 88800, 88800
 88800,100,20170801105000, 88800, 88800, 88800
 88800,1,20170801102730, 88800, 88800, 88800
-88500,4,20170801101830,-88500,-88500,-88500
-88500,401,20170801101330,-88500,-88500,-88500
 88800,118,20170801101030,-88700, 88800,-88700
-88700,17,20170801100930,-88700,-88700,-88700
-88700,10,20170801100900,-88700,-88700,-88700
-88400,61,20170801095630,-88400,-88400,-88400
-88400,15,20170801095530,-88500,-88500,-88400
 88800,1,20170801095500, 88800, 88800, 88800
 88800,1,20170801093030, 88800, 88800, 88800
 88800,4,20170801092800, 88800, 88800, 88800
+88900,12,20170801090030,+88900,+88900,+88900
+88800,4,20170731153000,+88800,+88800,+88800
+88900,1,20170731145900,+88900,+88900,+88900
+88900,1,20170731145530,+88900,+88900,+88900
+88900,100,20170731145430,+88700,+88900,+88700
+88600,7,20170731145200,+88600,+88600,+88600
+88600,10,20170731145100,+88600,+88600,+88600
+88700,1,20170731144830,+88700,+88700,+88700
+88500,75,20170731144730,+88500,+88500,+88500
+88700,1,20170731144100,+88700,+88700,+88700
+88700,1,20170731144030,+88700,+88700,+88700
+88700,1,20170731143730,+88700,+88700,+88700
+88700,10,20170731143430,+88700,+88700,+88700
+88700,1,20170731143000,+88700,+88700,+88700
+88500,1,20170731142630,+88500,+88500,+88500
+88600,1,20170731142230,+88600,+88600,+88600
+88600,1,20170731141900,+88600,+88600,+88600
+88600,10,20170731141230,+88600,+88600,+88600
+88600,1,20170731141130,+88600,+88600,+88600
+88500,23,20170731140900,+88500,+88500,+88500
+88500,1,20170731140430,+88500,+88500,+88500
+88500,1,20170731140030,+88500,+88500,+88500
+88500,1,20170731135330,+88500,+88500,+88500
 88400,200,20170731134630, 88400, 88400, 88400
+88500,1,20170731134600,+88500,+88500,+88500
+88500,1,20170731134230,+88500,+88500,+88500
+88500,10,20170731134200,+88500,+88500,+88500
+88700,1,20170731133500,+88700,+88700,+88700
+88700,1,20170731132800,+88700,+88700,+88700
+88600,14,20170731132430,+88600,+88600,+88600
+88600,1,20170731132400,+88600,+88600,+88600
+88600,10,20170731131930,+88600,+88600,+88600
+88600,1,20170731131700,+88600,+88600,+88600
+88600,1,20170731130930,+88600,+88600,+88600
+88600,1,20170731130600,+88600,+88600,+88600
+88600,1,20170731125830,+88600,+88600,+88600
+88600,1,20170731125100,+88600,+88600,+88600
+88600,1,20170731124730,+88600,+88600,+88600
+88700,1,20170731124030,+88700,+88700,+88700
 88400,1,20170731123930, 88400, 88400, 88400
+88700,1,20170731123300,+88700,+88700,+88700
+88700,17,20170731122930,+88700,+88700,+88700
+88500,19,20170731122630,+88500,+88500,+88500
+88500,1,20170731122200,+88500,+88500,+88500
+88500,1,20170731121800,+88500,+88500,+88500
+88500,1,20170731121700,+88500,+88500,+88500
+88500,5,20170731121600,+88500,+88500,+88500
+88500,1,20170731121430,+88500,+88500,+88500
+88500,1,20170731120730,+88500,+88500,+88500
+88500,1,20170731120330,+88500,+88500,+88500
 88400,10,20170731120000, 88400, 88400, 88400
+88500,1,20170731115630,+88500,+88500,+88500
 88400,1,20170731115600, 88400, 88400, 88400
 88400,10,20170731115500, 88400, 88400, 88400
+88500,1,20170731114900,+88500,+88500,+88500
+88500,1,20170731114530,+88500,+88500,+88500
-88200,5,20170731114300,-88200,-88200,-88200
-88200,21,20170731114230,-88200,-88200,-88200
+88500,1,20170731113800,+88500,+88500,+88500
-88200,10,20170731113530,-88200,-88200,-88200
-88300,2,20170731113500,-88300,-88300,-88300
 88400,12,20170731113430, 88400, 88400, 88400
+88500,1,20170731113100,+88500,+88500,+88500
 88400,30,20170731112930, 88400, 88400, 88400
+88500,1,20170731112700,+88500,+88500,+88500
-88200,91,20170731112130,-88200,-88200,-88200
-88200,650,20170731112030,-88100,-88200,-88100
-88100,2,20170731112000,-88100,-88100,-88100
-88100,9,20170731111830,-88100,-88100,-88100
-88100,9,20170731111430,-88100,-88100,-88100
-88100,10,20170731111300,-88100,-88100,-88100
-88200,1,20170731111230,-88200,-88200,-88200
-88200,9,20170731111100,-88200,-88200,-88200
-88200,1,20170731110900,-88200,-88200,-88200
-88100,1,20170731110430,-88100,-88100,-88100
-88100,9,20170731110400,-88100,-88100,-88100
-88100,1,20170731110130,-88100,-88100,-88100
-88100,9,20170731110030,-88100,-88100,-88100
-88100,9,20170731105700,-88100,-88100,-88100
-88100,1,20170731105400,-88100,-88100,-88100
-88100,9,20170731105300,-88100,-88100,-88100
-88100,10,20170731105130,-88100,-88100,-88100
-88200,1,20170731105030,-88200,-88200,-88200
-88200,9,20170731104930,-88200,-88200,-88200
-88000,60,20170731104330,-88000,-88000,-88000
-88200,1,20170731104300,-88200,-88200,-88200
-87900,16,20170731104130,-87900,-87900,-87900
-88000,1,20170731104100,-88000,-88000,-88000
-88000,11,20170731104030,-88000,-88000,-88000
-88000,10,20170731103830,-88000,-88000,-88000
-88100,12,20170731103700,-88100,-88100,-88100
-88200,1,20170731103600,-88200,-88200,-88200
-88200,9,20170731103530,-88200,-88200,-88200
-88200,1,20170731103230,-88200,-88200,-88200
-88200,9,20170731103200,-88200,-88200,-88200
-88200,9,20170731102830,-88200,-88200,-88200
-88300,9,20170731102800,-88300,-88300,-88300
-88300,1,20170731102500,-88300,-88300,-88300
-88200,10,20170731102230,-88200,-88200,-88200
-88200,10,20170731102100,-88200,-88200,-88200
-88300,1,20170731101730,-88300,-88300,-88300
-88300,1,20170731101400,-88300,-88300,-88300
-88300,1,20170731100630,-88300,-88300,-88300
-87900,10,20170731100430,-87900,-87900,-87900
-87800,1,20170731100000,-87800,-87800,-87800
-88300,1,20170731095930,-88300,-88300,-88300
-88000,30,20170731095700,-88000,-88000,-88000
-88000,31,20170731095600,-88000,-88000,-88000
-88000,1,20170731095530,-88000,-88000,-88000
-87500,1,20170731094830,-87500,-87500,-87500
-87400,132,20170731094800,-87400,-87400,-87400
-87500,10,20170731094630,-87500,-87500,-87500
-87400,9,20170731094200,-87400,-87400,-87400
-88000,1,20170731094100,-88000,-88000,-88000
-87400,20,20170731094000,-87400,-87400,-87400
-87000,300,20170731093430,-87000,-87000,-87000
 88400,1,20170731093400, 88400, 88400, 88400
-87000,118,20170731093330,-87000,-87000,-87000
-87000,33,20170731093300,-87000,-87000,-87000
-87500,12,20170731093230,-87900,-87900,-87500
-88000,29,20170731093100,-88300,-88300,-88000
 88400,1,20170731092900, 88400, 88400, 88400
 88400,2,20170731092830, 88400, 88400, 88400
 88400,9,20170731092730, 88400, 88400, 88400
 88400,9,20170731092400, 88400, 88400, 88400
-88300,2,20170731092300,-88300,-88300,-88300
 88400,12,20170731092230, 88400, 88400, 88400
+88600,1,20170731092100,+88600,+88600,+88600
+88600,1,20170731092030,+88600,+88600,+88600
+88600,1,20170731091900,+88600,+88600,+88600
 88400,19,20170731091830,+88700,+88700, 88400
 88400,10,20170731091030, 88400, 88400, 88400
 88400,1,20170731090000, 88400, 88400, 88400
+88400,117,20170728153030,+88400,+88400,+88400
-87800,5,20170728151900,-87800,-87800,-87800
+88300,1,20170728151600,+88300,+88300,+88300
+88300,5,20170728151230,+88300,+88300,+88300
-87700,5,20170728150800,-87700,-87700,-87700
-87700,5,20170728150300,-87700,-87700,-87700
-87700,30,20170728145200,-87700,-87700,-87700
-87700,31,20170728145130,+88000,+88000,-87700
+88000,12,20170728144430,+88000,+88000,+88000
+88100,4,20170728144400,+88200,+88200,+88100
+88400,2,20170728144200,+88400,+88400,+88400
+88500,7,20170728143600,+88500,+88500,+88500
+88700,12,20170728143330,+88800,+88800,+88700
+88800,15,20170728143300,+88800,+88800,+88800
+88800,9,20170728143100,+88800,+88800,+88800
+88800,1,20170728142700,+88800,+88800,+88800
+88800,3,20170728142430,+88800,+88800,+88800
+89000,12,20170728142330,+89000,+89000,+89000
+89000,6,20170728142300,+89000,+89000,+89000
+89000,4,20170728142230,+89000,+89000,+89000
+89000,3,20170728142200,+89000,+89000,+89000
+89000,3,20170728142100,+89000,+89000,+89000
+89000,14,20170728142030,+89000,+89000,+89000
+89000,5,20170728142000,+89000,+89000,+89000
+89000,5,20170728141930,+89000,+89000,+89000
+89000,3,20170728141830,+89000,+89000,+89000
+89000,3,20170728141800,+89000,+89000,+89000
+89000,12,20170728141730,+89000,+89000,+89000
+89000,5,20170728141700,+89000,+89000,+89000
+88900,13,20170728141600,+88900,+88900,+88900
+88900,6,20170728141530,+88900,+88900,+88900
+89000,1,20170728141500,+89000,+89000,+89000
+89000,4,20170728141430,+89000,+89000,+89000
+88800,2,20170728141400,+88800,+88800,+88800
+88700,8,20170728141300,+88900,+88900,+88700
+89000,3,20170728141230,+89000,+89000,+89000
+89000,29,20170728141200,+89100,+89100,+89000
+89100,14,20170728141130,+89100,+89100,+89100
+89100,24,20170728141100,+89100,+89100,+89000
+89100,6,20170728141030,+89100,+89100,+89100
+89100,3,20170728140930,+89100,+89100,+89100
+89100,1,20170728140900,+89100,+89100,+89100
+89100,6,20170728140830,+89100,+89100,+89100
+89100,5,20170728140800,+89100,+89100,+89100
+89100,2,20170728140730,+89100,+89100,+89100
+89100,61,20170728140700,+89000,+89100,+89000
+89100,11,20170728140630,+89100,+89100,+89100
+89000,100,20170728140600,+89100,+89100,+89000
+89000,100,20170728140530,+89100,+89100,+89000
+89200,11,20170728140500,+89200,+89200,+89200
+89200,2,20170728140430,+89200,+89200,+89200
+89000,21,20170728140400,+89000,+89000,+89000
+89000,36,20170728140330,+89000,+89000,+89000
+89000,9,20170728140300,+89000,+89000,+89000
+89000,9,20170728140230,+89000,+89000,+89000
+89000,25,20170728140200,+89000,+89000,+89000
+89000,3,20170728140130,+88900,+89000,+88900
+89000,11,20170728140100,+89000,+89000,+89000
+88900,2,20170728140000,+88800,+88900,+88800
+88900,10,20170728135930,+88900,+88900,+88900
+88800,10,20170728135900,+88800,+88800,+88800
+88800,4,20170728135830,+88700,+88800,+88700
+88700,5,20170728135730,+88700,+88700,+88700
+88800,1,20170728135700,+88800,+88800,+88800
+88800,6,20170728135630,+88800,+88800,+88800
+88700,6,20170728135600,+88600,+88700,+88600
+88500,3,20170728135530,+88500,+88500,+88500
+88500,9,20170728135400,+88500,+88500,+88500
+88500,7,20170728135330,+88500,+88500,+88500
+88500,11,20170728135300,+88500,+88500,+88500
+88500,6,20170728135230,+88500,+88500,+88500
+88500,4,20170728135200,+88500,+88500,+88500
+88400,20,20170728135130,+88400,+88400,+88400
+88200,3,20170728135100,+88300,+88300,+88200
+88300,9,20170728135030,+88400,+88400,+88300
+88400,14,20170728135000,+88400,+88400,+88400
+88400,5,20170728134930,+88400,+88400,+88400
+88400,5,20170728134800,+88400,+88400,+88400
+88400,6,20170728134730,+88400,+88400,+88400
+88400,11,20170728134700,+88400,+88400,+88400
+88400,2,20170728134630,+88400,+88400,+88400
+88400,35,20170728134600,+88500,+88500,+88400
+88500,6,20170728134530,+88500,+88500,+88500
+88500,1,20170728134500,+88500,+88500,+88500
+88400,29,20170728134430,+88400,+88400,+88400
+88400,81,20170728134400,+88400,+88400,+88400
+88400,2,20170728134330,+88400,+88400,+88400
+88400,4,20170728134230,+88400,+88400,+88400
+88400,1,20170728134200,+88400,+88400,+88400
+88400,6,20170728134130,+88400,+88400,+88400
+88400,19,20170728134100,+88400,+88400,+88400
+88300,4,20170728134030,+88300,+88300,+88300
+88300,23,20170728133930,+88300,+88300,+88300
+88300,1,20170728133900,+88300,+88300,+88300
+88300,6,20170728133830,+88300,+88300,+88300
+88300,5,20170728133800,+88300,+88300,+88300
+88300,2,20170728133730,+88300,+88300,+88300
+88300,12,20170728133700,+88300,+88300,+88300
+88300,1,20170728133630,+88300,+88300,+88300
+88400,4,20170728133600,+88300,+88400,+88300
+88300,6,20170728133530,+88300,+88300,+88300
+88300,8,20170728133500,+88200,+88300,+88200
+88200,3,20170728133430,+88300,+88300,+88200
+88300,4,20170728133300,+88300,+88300,+88300
+88200,18,20170728133230,+88100,+88200,+88100
+88100,5,20170728133200,+88100,+88100,+88100
+88100,92,20170728133130,+88100,+88100,+88100
+88100,1,20170728133000,+88100,+88100,+88100
+88100,142,20170728132930,+88000,+88100,+88000
+88000,18,20170728132900,+88000,+88000,+88000
+88000,3,20170728132830, 87900,+88000, 87900
+88000,8,20170728132800,+88000,+88000,+88000
+88000,1,20170728132700,+88000,+88000,+88000
+88000,6,20170728132630,+88000,+88000,+88000
+88000,10,20170728132600,+88000,+88000,+88000
+88000,4,20170728132530,+88000,+88000,+88000
+88000,1,20170728132430,+88000,+88000,+88000
 87900,22,20170728132330,+88000,+88000, 87900
+88000,7,20170728132300,+88000,+88000,+88000
+88000,9,20170728132230,+88000,+88000,+88000
+88000,4,20170728132200,+88000,+88000,+88000
+88000,1,20170728132130,+88000,+88000,+88000
+88000,6,20170728132030,+88000,+88000,+88000
+88000,7,20170728132000,+88000,+88000,+88000
+88000,12,20170728131930,+88000,+88000,+88000
+88000,1,20170728131830,+88000,+88000,+88000
+88000,4,20170728131800,+88000,+88000,+88000
+88000,6,20170728131730,+88000,+88000,+88000
+88000,7,20170728131700,+88000,+88000,+88000
+88000,6,20170728131630,+88000,+88000,+88000
+88000,3,20170728131600,+88000,+88000,+88000
+88000,1,20170728131530,+88000,+88000,+88000
+88000,7,20170728131500,+88000,+88000,+88000
+88000,10,20170728131430,+88000,+88000,+88000
+88000,7,20170728131400,+88000,+88000,+88000
+88000,5,20170728131230,+88000,+88000,+88000
 87900,9,20170728131130,+88000,+88000, 87900
 87900,4,20170728131100, 87900, 87900, 87900
 87900,15,20170728131030,-87800, 87900,-87800
 87900,134,20170728131000, 87900, 87900, 87900
-87800,1,20170728130930,-87800,-87800,-87800
-87800,30,20170728130900,-87800,-87800,-87800
-87800,11,20170728130830, 87900, 87900,-87800
 87900,9,20170728130800, 87900, 87900, 87900
 87900,4,20170728130700, 87900, 87900, 87900
 87900,8,20170728130630, 87900, 87900, 87900
 87900,4,20170728130600, 87900, 87900, 87900
 87900,6,20170728130530, 87900, 87900, 87900
 87900,5,20170728130500, 87900, 87900, 87900
-87800,15,20170728130430,-87800,-87800,-87800
-87800,11,20170728130330, 87900, 87900,-87800
 87900,4,20170728130300, 87900, 87900, 87900
 87900,9,20170728130230, 87900, 87900, 87900
 87900,15,20170728130200, 87900, 87900, 87900
 87900,3,20170728130130, 87900, 87900, 87900
 87900,1,20170728130030, 87900, 87900, 87900
 87900,8,20170728125930, 87900, 87900, 87900
 87900,13,20170728125900, 87900, 87900, 87900
 87900,6,20170728125830, 87900, 87900, 87900
 87900,10,20170728125730, 87900, 87900, 87900
 87900,66,20170728125600, 87900, 87900, 87900
 87900,17,20170728125530, 87900, 87900, 87900
+88000,1,20170728125430,+88000,+88000,+88000
+88000,14,20170728125300,+88000,+88000,+88000
-87700,31,20170728125230,+88000,+88000,-87700
 87900,7,20170728125200,+88000,+88000, 87900
+88000,1,20170728125130,+88000,+88000,+88000
+88000,13,20170728125000,+88000,+88000,+88000
+88000,4,20170728124930,+88000,+88000,+88000
+88000,7,20170728124900,+88000,+88000,+88000
+88000,1,20170728124830,+88000,+88000,+88000
+88000,4,20170728124800,+88000,+88000,+88000
+88000,13,20170728124700,+88000,+88000,+88000
+88000,6,20170728124630,+88000,+88000,+88000
+88000,3,20170728124600,+88000,+88000,+88000
+88000,1,20170728124530,+88000,+88000,+88000
+88000,1,20170728124500,+88000,+88000,+88000
+88000,8,20170728124430,+88000,+88000,+88000
+88000,17,20170728124400,+88000,+88000,+88000
+88000,5,20170728124230,+88000,+88000,+88000
+88000,13,20170728124100,+88000,+88000,+88000
+88000,10,20170728124030,+88000,+88000,+88000
+88000,7,20170728124000,+88000,+88000,+88000
+88000,4,20170728123930,+88000,+88000,+88000
+88000,13,20170728123800,+88000,+88000,+88000
+88000,5,20170728123630,+88000,+88000,+88000
+88000,12,20170728123600,+88000,+88000,+88000
+88000,13,20170728123500,+88000,+88000,+88000
+88000,7,20170728123430,+88000,+88000,+88000
+88000,1,20170728123330,+88000,+88000,+88000
+88000,4,20170728123300,+88000,+88000,+88000
+88000,3,20170728123230,+88000,+88000,+88000
+88000,13,20170728123200,+88000,+88000,+88000
+88000,7,20170728123130,+88000,+88000,+88000
+88000,1,20170728123030,+88000,+88000,+88000
+88000,3,20170728122930,+88000,+88000,+88000
+88000,17,20170728122900,+88000,+88000,+88000
+88000,6,20170728122800,+88000,+88000,+88000
+88000,3,20170728122730,+88000,+88000,+88000
+88000,8,20170728122700,+88000,+88000,+88000
+88000,15,20170728122600,+88000,+88000,+88000
+88000,6,20170728122530,+88000,+88000,+88000
+88000,1,20170728122430,+88000,+88000,+88000
+88000,9,20170728122300, 87900,+88000, 87900
 87900,27,20170728122230,+88000,+88000, 87900
+88000,6,20170728122200,+88000,+88000,+88000
+88000,5,20170728122130,+88000,+88000,+88000
+88000,11,20170728122000,+88000,+88000,+88000
+88000,7,20170728121930,+88000,+88000,+88000
+88000,9,20170728121830,+88000,+88000,+88000
+88000,4,20170728121800,+88000,+88000,+88000
 87900,30,20170728121700,+88000,+88000, 87900
 87900,10,20170728121630, 87900, 87900, 87900
+88000,9,20170728121600,+88000,+88000,+88000
+88000,1,20170728121530,+88000,+88000,+88000
+88000,22,20170728121400,+88000,+88000,+88000
 87900,8,20170728121230,+88000,+88000, 87900
+88000,10,20170728121100,+88000,+88000,+88000
+88000,7,20170728121030,+88000,+88000,+88000
+88000,6,20170728121000,+88000,+88000,+88000
+88000,12,20170728120930,+88000,+88000,+88000
+88000,11,20170728120800,+88000,+88000,+88000
+88000,3,20170728120730,+88000,+88000,+88000
+88000,5,20170728120630,+88000,+88000,+88000
+88000,3,20170728120600,+88000,+88000,+88000
+88000,7,20170728120530,+88000,+88000,+88000
+88000,10,20170728120500,+88000,+88000,+88000
+88000,3,20170728120430,+88000,+88000,+88000
+88000,7,20170728120400,+88000,+88000,+88000
+88000,1,20170728120330,+88000,+88000,+88000
+88000,4,20170728120300,+88000,+88000,+88000
+88000,4,20170728120230,+88000,+88000,+88000
+88000,11,20170728120200,+88000,+88000,+88000
+88000,3,20170728120130,+88000,+88000,+88000
+88000,8,20170728120100,+88000,+88000,+88000
+88000,1,20170728120030,+88000,+88000,+88000
+88000,3,20170728115930,+88000,+88000,+88000
+88000,14,20170728115900,+88000,+88000,+88000
 87900,14,20170728115800,+88000,+88000, 87900
+88000,1,20170728115730,+88000,+88000,+88000
+88000,7,20170728115630,+88000,+88000,+88000
+88000,15,20170728115600,+88000,+88000,+88000
+88000,10,20170728115530,+88000,+88000,+88000
+88000,1,20170728115430,+88000,+88000,+88000
+88000,2,20170728115330,+88000,+88000,+88000
+88000,8,20170728115300,+88000,+88000,+88000
+88000,6,20170728115230,+88000,+88000,+88000
+88000,15,20170728115200,+88000,+88000,+88000
+88000,4,20170728115130,+88000,+88000,+88000
+88000,2,20170728115030,+88000,+88000,+88000
+88000,9,20170728115000,+88000,+88000,+88000
+88000,7,20170728114930,+88000,+88000,+88000
+88000,1,20170728114900,+88000,+88000,+88000
+88000,11,20170728114800,+88000,+88000,+88000
+88000,5,20170728114730,+88000,+88000,+88000
+88000,5,20170728114700,+88000,+88000,+88000
+88000,3,20170728114630,+88000,+88000,+88000
+88000,10,20170728114600,+88000,+88000,+88000
+88000,5,20170728114430,+88000,+88000,+88000
+88000,10,20170728114400,+88000,+88000,+88000
+88000,11,20170728114330,+88000,+88000,+88000
+88000,1,20170728114300,+88000,+88000,+88000
 87900,13,20170728114130,+88000,+88000, 87900
 87900,2,20170728114100, 87900, 87900, 87900
+88000,3,20170728114030,+88000,+88000,+88000
+88000,11,20170728114000,+88000,+88000,+88000
+88000,4,20170728113930,+88000,+88000,+88000
+88000,7,20170728113900,+88000,+88000,+88000
+88000,5,20170728113830,+88000,+88000,+88000
 87900,14,20170728113800,+88000,+88000, 87900
 87900,24,20170728113630,+88000,+88000, 87900
+88000,3,20170728113600,+88000,+88000,+88000
+88000,5,20170728113530,+88000,+88000,+88000
+88000,13,20170728113500,+88000,+88000,+88000
+88000,3,20170728113430,+88000,+88000,+88000
+88000,8,20170728113400,+88000,+88000,+88000
+88000,13,20170728113230,+88000,+88000,+88000
 87900,16,20170728113200,+88000,+88000, 87900
+88000,3,20170728113130,+88000,+88000,+88000
+88000,1,20170728113100,+88000,+88000,+88000
+88000,7,20170728113030,+88000,+88000,+88000
+88000,8,20170728112930,+88000,+88000,+88000
+88000,9,20170728112900,+88000,+88000,+88000
+88000,3,20170728112830,+88000,+88000,+88000
+88000,1,20170728112800,+88000,+88000,+88000
+88000,6,20170728112730,+88000,+88000,+88000
+88000,5,20170728112630,+88000,+88000,+88000
+88000,18,20170728112600,+88000,+88000,+88000
+88000,6,20170728112530,+88000,+88000,+88000
+88000,5,20170728112500,+88000,+88000,+88000
+88000,5,20170728112330,+88000,+88000,+88000
+88000,5,20170728112300,+88000,+88000,+88000
 87900,3,20170728112230, 87900, 87900, 87900
+88000,12,20170728112200,+88000,+88000,+88000
+88000,10,20170728112130,+88000,+88000,+88000
+88000,5,20170728112030,+88000,+88000,+88000
-87800,19,20170728111930, 87900, 87900,-87800
-87800,11,20170728111800, 87900, 87900,-87800
+88000,17,20170728111730,+88000,+88000,+88000
+88000,5,20170728111700,+88000,+88000,+88000
+88000,3,20170728111630,+88000,+88000,+88000
+88000,4,20170728111600,+88000,+88000,+88000
+88000,6,20170728111530,+88000,+88000,+88000
+88000,5,20170728111430,+88000,+88000,+88000
+88000,10,20170728111400,+88000,+88000,+88000
+88000,3,20170728111330,+88000,+88000,+88000
+88000,11,20170728111300,+88000,+88000,+88000
 87900,10,20170728111130,+88000,+88000, 87900
+88000,5,20170728111100,+88000,+88000,+88000
+88000,3,20170728111030,+88000,+88000,+88000
+88000,5,20170728111000,+88000,+88000,+88000
+88000,10,20170728110930,+88000,+88000,+88000
+88000,20,20170728110830,+88000,+88000, 87900
 87900,8,20170728110800,+88000,+88000, 87900
+88000,3,20170728110730,+88000,+88000,+88000
+88000,1,20170728110700,+88000,+88000,+88000
+88000,4,20170728110630,+88000,+88000,+88000
+88000,3,20170728110600,+88000,+88000,+88000
+88000,5,20170728110530,+88000,+88000,+88000
+88000,5,20170728110500,+88000,+88000,+88000
+88000,11,20170728110430,+88000,+88000,+88000
+88000,1,20170728110400,+88000,+88000,+88000
+88000,7,20170728110330,+88000,+88000,+88000
+88000,13,20170728110230,+88000,+88000,+88000
+88000,9,20170728110130,+88000,+88000,+88000
+88000,1,20170728110100,+88000,+88000,+88000
+88000,7,20170728110000,+88000,+88000,+88000
+88000,8,20170728105930, 87900,+88000, 87900
 87900,10,20170728105900, 87900, 87900, 87900
 87900,11,20170728105830, 87900, 87900, 87900
 87900,1,20170728105800, 87900, 87900, 87900
 87900,10,20170728105730, 87900, 87900, 87900
 87900,5,20170728105630, 87900, 87900, 87900
 87900,4,20170728105600, 87900, 87900, 87900
 87900,31,20170728105530, 87900, 87900, 87900
 87900,22,20170728105500, 87900, 87900, 87900
+88000,5,20170728105330,+88000,+88000,+88000
+88000,5,20170728105230,+88000,+88000,+88000
 87900,8,20170728105130,-87800, 87900,-87800
-87800,1,20170728105100,-87800,-87800,-87800
 87900,12,20170728105030, 87900, 87900, 87900
+88000,12,20170728104930,+88000,+88000,+88000
+88000,1,20170728104900,+88000,+88000,+88000
+88000,10,20170728104730,+88000,+88000,+88000
+88000,7,20170728104700,+88000,+88000,+88000
+88000,8,20170728104630,+88000,+88000,+88000
+88000,5,20170728104600,+88000,+88000,+88000
+88000,9,20170728104530,+88000,+88000,+88000
+88000,5,20170728104430,+88000,+88000,+88000
+88000,4,20170728104330,+88000,+88000,+88000
-87600,23,20170728104130,+88000,+88000,-87600
+88000,8,20170728104030,+88000,+88000,+88000
+88000,5,20170728104000,+88000,+88000,+88000
+88000,16,20170728103930,+88000,+88000,+88000
 87900,37,20170728103830, 87900, 87900, 87900
 87900,8,20170728103800, 87900, 87900, 87900
 87900,9,20170728103730, 87900, 87900, 87900
 87900,1,20170728103700, 87900, 87900, 87900
 87900,7,20170728103600, 87900, 87900, 87900
 87900,8,20170728103530, 87900, 87900, 87900
 87900,8,20170728103430, 87900, 87900, 87900
 87900,8,20170728103400, 87900, 87900, 87900
 87900,7,20170728103330, 87900, 87900, 87900
 87900,14,20170728103230, 87900, 87900, 87900
 87900,1,20170728103200, 87900, 87900, 87900
 87900,9,20170728103130, 87900, 87900, 87900
 87900,1,20170728103100, 87900, 87900, 87900
 87900,15,20170728102930, 87900, 87900, 87900
 87900,12,20170728102830, 87900, 87900, 87900
 87900,5,20170728102730, 87900, 87900, 87900
 87900,6,20170728102700, 87900, 87900, 87900
 87900,3,20170728102600, 87900, 87900, 87900
 87900,3,20170728102530, 87900, 87900, 87900
 87900,6,20170728102500, 87900, 87900, 87900
-87200,141,20170728102300,-87200,-87200,-87200
-87200,72,20170728102230,-87200,-87200,-87200
-87200,287,20170728102200,-87200,-87200,-87200
 87900,4,20170728102100, 87900, 87900, 87900
-87000,54,20170728102030,-87000,-87000,-87000
-87000,13,20170728101930,-87000,-87000,-87000
-87000,2,20170728101800,-87000,-87000,-87000
-87000,18,20170728101730,-87000,-87000,-87000
-87000,16,20170728101630,-87000,-87000,-87000
-87000,4,20170728101600,-87000,-87000,-87000
-87000,8,20170728101500,-87000,-87000,-87000
-87000,4,20170728101430,-87000,-87000,-87000
-87000,12,20170728101400,-87000,-87000,-87000
-87000,14,20170728101330,-87000,-87000,-87000
-87000,3,20170728101230,-87000,-87000,-87000
-87000,10,20170728101200,-87000,-87000,-87000
-87000,17,20170728101130,-86900,-87000,-86900
-87000,9,20170728101030,-87000,-87000,-87000
-87000,4,20170728101000,-87000,-87000,-87000
-87000,4,20170728100930,-87000,-87000,-87000
-87000,19,20170728100900,-87000,-87000,-87000
-87000,7,20170728100830,-86900,-87000,-86900
-87000,17,20170728100730,-87000,-87000,-87000
-87000,9,20170728100600,-87000,-87000,-87000
-87000,14,20170728100530,-87000,-87000,-87000
-87000,34,20170728100430,-87000,-87000,-87000
-87000,30,20170728100400,-87000,-87000,-87000
-87000,8,20170728100330,-87000,-87000,-87000
-87000,10,20170728100300,-87000,-87000,-87000
-87000,31,20170728100230,-87000,-87000,-87000
-87000,29,20170728100130,-87000,-87000,-87000
-87000,1,20170728095900,-87000,-87000,-87000
-86900,118,20170728095430,-86900,-86900,-86900
-86900,1,20170728095300,-86900,-86900,-86900
-86900,1,20170728095100,-86900,-86900,-86900
-86900,10,20170728095030,-86900,-86900,-86900
-87000,15,20170728094600,-87000,-87000,-87000
-87000,500,20170728094330,-87100,-87100,-87000
-87100,5,20170728093030,-87100,-87100,-87100
-87100,45,20170728093000,-87100,-87100,-87100
-87100,10,20170728092130,-87100,-87100,-87100
-87100,5,20170728092000,-87100,-87100,-87100
-87000,56,20170728091700,-87000,-87000,-87000
-87000,304,20170728091630,-87000,-87000,-87000
-87000,100,20170728091600,-87000,-87000,-87000
-87000,100,20170728091530,-87100,-87100,-87000
-87100,18,20170728091500,-87100,-87100,-87100
-87100,10,20170728091000,-87100,-87100,-87100
-87000,800,20170728090600,-87500,-87500,-87000
-87600,11,20170728090530,-87600,-87600,-87600
-87700,2,20170728090300,-87700,-87700,-87700
-87500,1,20170728090030,-87500,-87500,-87500
+87900,29,20170727153030,+87900,+87900,+87900
+88500,21,20170727151800,+88500,+88500,+88500
+88500,1,20170727151600,+88500,+88500,+88500
+88400,3,20170727150100,+88400,+88400,+88400
 87800,8,20170727150000, 87800, 87800, 87800
 87800,9,20170727145930,+88400,+88400, 87800
 87800,5,20170727145900, 87800, 87800, 87800
 87800,1,20170727145830, 87800, 87800, 87800
 87800,4,20170727145800, 87800, 87800, 87800
 87800,1,20170727145700, 87800, 87800, 87800
 87800,4,20170727145600, 87800, 87800, 87800
 87800,19,20170727145530, 87800, 87800, 87800
 87800,4,20170727145430, 87800, 87800, 87800
 87800,1,20170727145400, 87800, 87800, 87800
-87700,5,20170727145230, 87800, 87800,-87700
 87800,5,20170727145100, 87800, 87800, 87800
-87700,1,20170727144930,-87700,-87700,-87700
-87700,4,20170727144900, 87800, 87800,-87700
-87700,23,20170727144800,-87700,+88600,-87700
 87800,18,20170727144730, 87800, 87800, 87800
 87800,18,20170727144700, 87800, 87800, 87800
-87700,1,20170727144630,-87700,-87700,-87700
-87700,4,20170727144530,-87700,-87700,-87700
-87700,1,20170727144500,-87700,-87700,-87700
-87700,4,20170727144400,-87700,-87700,-87700
-87700,1,20170727144330,-87700,-87700,-87700
-87700,11,20170727144230,-87700,-87700,-87700
-87700,3,20170727144200, 87800, 87800,-87700
 87800,8,20170727144030,-87700, 87800,-87700
 87800,1,20170727143930, 87800, 87800, 87800
-87700,5,20170727143900,-87700,-87700,-87700
-87700,1,20170727143730,-87700,-87700,-87700
-87700,4,20170727143700,-87700,-87700,-87700
 87800,2,20170727143630,-87700, 87800,-87700
-87700,8,20170727143530,-87700,-87700,-87700
-87700,1,20170727143500,-87700,-87700,-87700
-87700,5,20170727143430,-87700,-87700,-87700
-87700,1,20170727143400,-87700,-87700,-87700
-87700,5,20170727143330,-87700,-87700,-87700
-87700,5,20170727143200,-87700,-87700,-87700
-87700,5,20170727143030,-87700,-87700,-87700
-87700,1,20170727142900,-87700,-87700,-87700
-87700,4,20170727142830,-87700,-87700,-87700
-87700,1,20170727142730,-87700,-87700,-87700
-87700,1,20170727142600,-87700,-87700,-87700
+88000,65,20170727142500, 87800,+88000, 87800
-87700,1,20170727142430,-87700,-87700,-87700
-87700,4,20170727142330,-87700,-87700,-87700
-87700,1,20170727142300,-87700,-87700,-87700
-87700,6,20170727142130,-87700,-87700,-87700
-87600,5,20170727142000,-87700,-87700,-87600
-87700,4,20170727141930,-87700,-87700,-87700
-87600,4,20170727141830,-87600,-87600,-87600
-87600,12,20170727141730,-87600,-87600,-87600
-87600,17,20170727141700, 87800, 87800,-87600
 87800,4,20170727141630, 87800, 87800, 87800
 87800,4,20170727141600, 87800, 87800, 87800
 87800,5,20170727141530, 87800, 87800, 87800
 87800,5,20170727141500, 87800, 87800, 87800
 87800,1,20170727141430, 87800, 87800, 87800
 87800,5,20170727141300, 87800, 87800, 87800
 87800,5,20170727141130, 87800, 87800, 87800
